5918	27.457531	42.530564
3911	27.470381	42.49662
3279	27.468596	42.503633
2050	27.468989	42.496239
1790	27.46968	42.497883
5319	27.471815	42.491857
4111	27.397819	42.466267
3093	27.466172	42.496326
1074	27.482129	42.501323
3158	27.462541	42.502832
2942	27.471815	42.491857
1115	27.472269	42.493463
4039	27.476387	42.493115
2986	27.472693	42.493494
6094	27.47608	42.511646
607	27.470708	42.497817
4759	27.451062	42.514709
3947	27.447799	42.527663
4960	27.482268	42.494762
4962	27.472693	42.493494
3191	27.47725	42.490799
4113	27.47325	42.492846
2049	27.475082	42.492316
4171	27.461629	42.520754
3226	27.521877	42.561657
3267	27.468982	42.502346
3223	27.379808	42.48539
3268	27.459883	42.523299
3269	27.464053	42.492714
3266	27.410068	42.455789
3271	27.454032	42.524199
3243	27.372307	42.517224
3922	27.420774	42.462631
3270	27.473255	42.50296
3222	27.439885	42.475247
3194	27.467385	42.511211
5701	27.42048	42.458583
4648	27.467445	42.524618
4462	27.470978	42.500075
2468	27.473267	42.492944
3892	27.474238	42.49192
3893	27.468622	42.503758
3875	27.469624	42.498023
3151	27.471689	42.493202
4784	27.457795	42.518773
3190	27.464928	42.511424
5445	27.4794	42.511773
3852	27.470095	42.496219
1982	27.471589	42.497887
3252	27.470002	42.50785
4708	27.415298	42.450564
3914	27.43734	42.522182
4527	27.466018	42.496387
4463	27.469353	42.494242
3322	27.478291	42.493956
4112	27.476296	42.495199
5298	27.469396	42.494184
467	27.475502	42.493681
441	27.468704	42.495282
1359	27.478049	42.494105
442	27.477809	42.503417
5334	27.472002	42.50101
2959	27.477308	42.494727
596	27.46968	42.497883
448	27.472683	42.492606
445	27.47574	42.494748
446	27.475141	42.494585
514	27.474817	42.496112
978	27.46968	42.497883
2894	27.476385	42.491633
952	27.476772	42.491771
515	27.474437	42.494601
1063	27.474925	42.495788
4286	27.471391	42.493509
2053	27.465202	42.497108
2398	27.475132	42.493906
2399	27.468073	42.496695
1864	27.466018	42.496387
453	27.474509	42.493764
447	27.472922	42.492014
1347	27.469322	42.494187
516	27.47472	42.494432
1680	27.474102	42.494305
443	27.476387	42.493115
2029	27.473473	42.494135
452	27.471628	42.492776
2884	27.474259	42.493423
4895	27.472948	42.494
5795	27.473068	42.509116
4764	27.471068	42.506706
5652	27.47325	42.495899
2480	27.472089	42.494819
3766	27.421506	42.459025
1480	27.472271	42.494385
6065	27.476534	42.493419
3257	27.479418	42.494442
3730	27.482895	42.498373
5934	27.470748	42.494553
967	27.472331	42.495149
6064	27.474632	42.493617
1936	27.468582	42.49667
5081	27.453868	42.521421
4212	27.470172	42.494981
5489	27.414084	42.461738
4542	27.470285	42.499017
4641	27.468897	42.500758
1802	27.476552	42.491695
5707	27.478872	42.500065
3743	27.41684	42.461372
4656	27.405786	42.457633
1782	27.478055	42.493805
4543	27.471181	42.495591
4161	27.468864	42.496728
4031	27.468679	42.50331
2772	27.476511	42.491961
1084	27.476465	42.493521
4916	27.458076	42.502986
1475	27.469591	42.493166
6120	27.472019	42.492889
6121	27.472037	42.4929
6113	27.472037	42.4929
2888	27.472089	42.494819
4537	27.470323	42.50344
5265	27.474568	42.51102
5303	27.475666	42.495866
1025	27.47265	42.49482
3890	27.478675	42.49878
4675	27.47975	42.501303
1788	27.453899	42.524394
1851	27.477631	42.505092
4143	27.470721	42.500761
5452	27.478569	42.50549
4229	27.641489	42.555502
1391	27.476447	42.493948
4133	27.470748	42.494553
1132	27.477264	42.494053
4658	27.405172	42.460374
5306	27.530617	42.563054
5857	27.468947	42.496742
4153	27.47191	42.4919
1908	27.469	42.490916
5447	27.47302	42.494199
5488	27.470791	42.507879
3096	27.47325	42.492846
3332	27.469632	42.494205
3007	27.468792	42.491596
3189	27.468607	42.50373
3203	27.470382	42.496502
3202	27.470441	42.496511
1393	27.472218	42.494498
3661	27.469859	42.498926
1129	27.471921	42.495195
5147	27.477829	42.498339
5398	27.470609	42.496953
2962	27.474026	42.492633
3855	27.473247	42.492943
1123	27.471608	42.495007
3009	27.47011	42.495127
4556	27.472361	42.49192
4650	27.469153	42.514628
3747	27.402955	42.459755
4786	27.478369	42.50295
5335	27.474763	42.494742
5495	27.463272	42.530562
4554	27.470237	42.505302
1648	27.469732	42.503119
1935	27.474949	42.495997
1481	27.470609	42.496953
1639	27.469385	42.493922
5361	27.470121	42.493034
4154	27.466677	42.49275
5254	27.451273	42.520099
4677	27.474931	42.505931
4674	27.479736	42.501504
5933	27.475666	42.495866
1839	27.476778	42.503094
4785	27.478761	42.502622
4142	27.468941	42.50254
1477	27.468026	42.493791
4752	27.414822	42.452223
2996	27.476667	42.495655
1776	27.473639	42.492347
3891	27.467489	42.50541
4790	27.44665	42.518538
4676	27.47442	42.505792
4903	27.4562	42.527044
2591	27.472317	42.494276
4847	27.467361	42.511201
4846	27.467395	42.511189
6111	27.478827	42.500649
3357	27.472819	42.492279
3358	27.470974	42.496192
4167	27.470295	42.494928
1976	27.479997	42.494306
5814	27.46353	42.495511
5494	27.466464	42.498791
4513	27.468642	42.494117
3910	27.464948	42.492263
2358	27.455333	42.522492
5523	27.457199	42.516062
5729	27.475793	42.510469
4523	27.478337	42.491569
5305	27.530617	42.563054
4640	27.465522	42.502712
3876	27.475364	42.493002
3090	27.475364	42.493002
1403	27.470246	42.495562
3728	27.479877	42.501393
6063	27.47325	42.492846
1838	27.474086	42.498927
5465	27.473209	42.49768
4999	27.471971	42.492883
2967	27.469175	42.504261
5578	27.457562	42.53067
4555	27.472361	42.49192
2452	27.478842	42.492057
1439	27.474972	42.493662
499	27.471474	42.496277
500	27.461919	42.517061
3263	27.458381	42.516868
4151	27.470682	42.494471
3262	27.458425	42.527154
3196	27.475541	42.504145
4717	27.454521	42.51725
3218	27.473611	42.496209
1587	27.470455	42.496098
1589	27.468549	42.50689
2909	27.456102	42.517594
6066	27.465178	42.496775
6112	27.480092	42.494656
5706	27.480092	42.494656
4854	27.483515	42.50381
5555	27.457747	42.530726
1928	27.468161	42.492642
2116	27.469731	42.503381
1620	27.458367	42.516866
4139	27.469015	42.500061
2324	27.419337	42.465854
5668	27.478827	42.500649
2886	27.467489	42.50541
5238	27.451854	42.521139
4998	27.454177	42.528753
1412	27.475617	42.494074
4357	27.52124	42.56183
1467	27.453265	42.515082
3304	27.473367	42.503443
3290	27.470774	42.495275
1456	27.47011	42.495127
1644	27.450258	42.516817
4833	27.41848	42.457605
5501	27.528419	42.563023
3799	27.474301	42.492802
2903	27.477836	42.492769
4202	27.475947	42.496047
3083	27.476541	42.491426
1553	27.604764	42.56391
4749	27.47445	42.500242
1455	27.472913	42.4939
4669	27.477917	42.508154
3253	27.464567	42.53015
5043	27.406744	42.457495
1452	27.47925	42.494223
2833	27.481603	42.503948
4839	27.474455	42.492029
4691	27.480907	42.492466
1585	27.478418	42.494267
4716	27.450327	42.521304
1409	27.474832	42.494308
1410	27.480589	42.494405
5374	27.45195	42.51523
4643	27.46578	42.515395
5497	27.519578	42.559746
5257	27.412385	42.45341
5255	27.412385	42.45341
4430	27.475113	42.495866
4975	27.476404	42.493623
4239	27.471024	42.5062
2852	27.472218	42.494498
1408	27.475071	42.494172
4601	27.478295	42.502613
4680	27.478593	42.491334
4679	27.478593	42.491334
2818	27.470477	42.494294
5253	27.451273	42.520099
3134	27.479712	42.492636
4589	27.468792	42.491596
4750	27.472773	42.501634
1646	27.452923	42.515611
4544	27.47098	42.495553
4156	27.46948	42.50562
4681	27.473091	42.492387
3948	27.476615	42.493596
5496	27.47506	42.494287
2491	27.473833	42.492634
5498	27.523118	42.559003
5479	27.51788	42.557509
1435	27.469472	42.493133
4561	27.461482	42.52
1441	27.476331	42.493933
5590	27.470197	42.503737
5250	27.472862	42.492166
4718	27.476144	42.495351
3256	27.475702	42.490836
4191	27.477296	42.494047
4337	27.462627	42.526676
3201	27.470495	42.496504
2467	27.473254	42.492887
5094	27.479997	42.494306
1461	27.475483	42.493848
1462	27.468641	42.498801
2000	27.450258	42.516817
4751	27.475666	42.495866
5446	27.46868	42.504858
3949	27.455617	42.517901
3905	27.47256	42.490991
3963	27.483511	42.503663
4152	27.468664	42.503584
4602	27.478187	42.502724
4124	27.482358	42.504189
4374	27.471589	42.497887
4678	27.464706	42.523078
4562	27.4822	42.498823
3620	27.482072	42.493113
4649	27.476757	42.495519
4848	27.474104	42.495865
1204	27.468036	42.492276
1852	27.469352	42.494419
4969	27.678656	42.64469
461	27.482698	42.498433
465	27.469306	42.494405
5648	24.746679	42.136214
5773	24.748784	42.145674
3861	24.744562	42.138206
1825	24.75112	42.147013
2057	24.749107	42.141177
2114	24.753474	42.149119
1991	24.745342	42.142564
4464	24.747641	42.139491
6000	24.754741	42.122103
4857	24.752893	42.144466
5797	24.751643	42.149304
2143	24.747539	42.150099
2175	24.749344	42.143147
6009	24.749971	42.14473
2427	24.748936	42.156225
1992	24.749467	42.159942
2989	24.712629	42.155355
5878	24.745541	42.148323
2104	24.745432	42.155892
3625	24.745432	42.155892
3814	24.748981	42.143627
4425	24.755391	42.158763
4461	24.790669	42.13017
2426	24.735075	42.157916
2741	24.763361	42.139056
3916	24.718814	42.151568
5769	24.756417	42.141874
5026	24.75393	42.148624
6131	24.741536	42.129778
4473	24.751134	42.141322
2494	24.749477	42.151132
2119	24.751735	42.148119
2318	24.7478	42.130334
2105	24.737992	42.148565
2106	24.72428	42.136533
2644	24.768837	42.136959
5087	24.753688	42.136023
5617	24.766612	42.14252
4032	24.749668	42.139841
5909	24.784136	42.142325
4033	24.744562	42.138206
5719	24.71841	42.145992
6086	24.746679	42.136214
5071	24.735075	42.157916
3084	24.766243	42.129573
5086	24.711765	42.134177
2647	24.741295	42.137589
5089	24.749329	42.145256
2648	24.747403	42.135781
5088	24.743331	42.142457
5090	24.789669	42.131098
4629	24.745342	42.155858
3085	24.71513	42.504173
5597	24.735075	42.157916
2656	24.76923	42.136198
5084	24.785727	42.137858
2652	24.715039	42.147773
6060	24.748709	42.146358
5104	24.711771	42.500635
5105	24.714197	42.500861
6016	24.770138	42.152555
2654	24.763798	42.162763
5108	24.78577	42.144405
6062	24.748487	42.146231
2830	24.749147	42.143697
1868	24.753688	42.136023
5249	24.757126	42.139276
1881	24.749229	42.148165
6058	24.753813	42.142739
3170	24.75241	42.149801
2032	24.75107	42.147629
2384	24.745222	42.151497
1885	24.75185	42.149944
1889	24.745957	42.139415
6070	24.744048	42.140655
5402	24.752733	42.142904
1829	24.751735	42.148119
3284	24.751163	42.148842
1883	24.750904	42.150455
1819	24.748771	42.146264
1821	24.752671	42.149556
1975	24.750904	42.150455
1820	24.752041	42.148214
5472	24.749281	42.14821
4129	24.750775	42.14892
5929	24.744291	42.140073
2855	24.753352	42.149216
2120	24.745557	42.143056
2785	24.748641	42.138275
1865	24.748038	42.145706
4466	24.749071	42.149225
1830	24.753108	42.150013
1895	24.745222	42.151497
1891	24.753087	42.145356
5588	24.74782	42.144346
1886	24.753649	42.149777
6040	24.75343	42.148829
2779	24.75206	42.150441
5733	24.751681	42.148847
4472	24.752386	42.149218
2393	24.752632	42.150328
1894	24.753329	42.149799
2391	24.752516	42.147358
2386	24.749558	42.147724
3780	24.749965	42.149908
2396	24.841308	42.067074
2035	24.748348	42.139589
2778	24.75176	42.14975
6052	24.747622	42.14623
1993	24.751068	42.138286
2395	24.742886	42.149083
5944	24.752733	42.142904
1884	24.74653	42.155341
1882	24.75092	42.143622
5794	24.753886	42.147552
2033	24.753863	42.14907
4474	24.747726	42.149711
1887	24.752307	42.148814
2388	24.751206	42.149888
1892	24.750775	42.14892
5839	24.749975	42.148733
2500	24.752632	42.150328
5598	24.75253	42.149739
5548	24.719028	42.141548
1859	24.789762	42.131073
1818	24.740862	42.136605
1816	24.737992	42.148565
5959	24.756417	42.141874
4630	24.754163	42.144252
5948	24.732502	42.145219
5550	24.750889	42.143679
2014	24.7556	42.144691
3585	24.749176	42.148575
2312	24.7566	42.144996
6011	24.745432	42.155892
4644	24.749277	42.145381
5485	24.745342	42.142564
5859	24.749568	42.135488
4052	24.785528	42.131263
5776	24.731507	42.150724
4632	24.746838	42.150992
5412	24.741001	42.139206
4634	24.738589	42.149176
5887	24.719028	42.141548
4635	24.799534	42.141928
5057	24.70805	42.133334
4591	24.748228	42.14914
3955	24.742113	42.158263
4829	24.736956	42.119401
2015	24.71632	42.131306
5963	24.750222	42.145398
5957	24.789709	42.131158
5405	24.756417	42.141874
2357	24.747324	42.147856
3018	24.757038	42.125399
5828	24.745058	42.143568
2018	24.747722	42.149999
4827	24.737267	42.147998
4830	24.750859	42.166472
3557	24.74335	42.141878
3591	24.741295	42.137589
3558	24.740106	42.142129
5474	24.741868	42.159893
2359	24.74141	42.139885
3595	24.732113	42.123594
2530	24.747939	42.149547
3561	24.745447	42.152116
5888	24.719028	42.141548
5807	24.739591	42.141211
5990	24.772201	42.147371
2019	24.748126	42.149258
5476	24.761378	42.140722
3596	24.736962	42.139319
2020	24.760964	42.146738
5862	24.755352	42.141497
5810	24.748029	42.149235
5919	24.733187	42.162132
4497	24.740896	42.163365
1974	24.749568	42.135488
2360	24.788864	42.150697
3273	24.747539	42.150099
4670	24.744291	42.140073
3597	24.747403	42.135781
3721	24.744841	42.155055
5804	24.747544	42.147173
3600	24.728612	42.124549
3564	24.728595	42.150242
3722	24.741868	42.159893
3602	24.74753	42.148868
3563	24.745198	42.142989
5984	24.755773	42.139704
3565	24.749676	42.144347
5784	24.75409	42.147087
3546	24.749676	42.144347
4824	24.722182	42.136848
3566	24.748604	42.145056
5633	24.747641	42.139491
5455	24.752893	42.144466
3976	24.751828	42.137852
3570	24.73504	42.140937
3571	24.750848	42.138939
3548	24.745557	42.143056
3572	24.76025	42.136274
3549	24.7544	42.13587
3272	24.749425	42.143612
5915	24.753688	42.136023
3573	24.75107	42.147629
4825	24.726637	42.147302
3552	24.730578	42.148798
3575	24.754025	42.144767
1972	24.747756	42.150141
3576	24.747815	42.149405
4086	24.738923	42.138277
3577	24.749644	42.144458
3028	24.735075	42.157916
3553	24.750015	42.138904
1899	24.747869	42.150912
3554	24.731549	42.150487
1900	24.743907	42.151134
5994	24.746126	42.157045
4826	24.72712	42.148925
3581	24.751689	42.139036
1902	24.748936	42.156225
3375	24.747328	42.150618
2369	24.693227	42.152552
5739	24.755962	42.141824
2364	24.742087	42.162828
4733	24.763182	42.161342
4662	24.748357	42.157554
2129	24.742886	42.149083
5922	24.770925	42.147819
2371	24.745935	42.142109
2372	24.763411	42.143096
3165	24.76507	42.142345
3036	24.747411	42.143558
5532	24.751134	42.141322
5958	24.744375	42.12128
3540	24.749434	42.1435
4663	24.740972	42.150318
4734	24.761081	42.14676
5529	24.744124	42.149904
3172	24.794557	42.131392
3494	24.729184	42.146769
3386	24.723061	42.146005
4802	24.749329	42.145256
3495	24.740562	42.159959
5995	24.742512	42.142485
5890	24.743102	42.157648
3033	24.744081	42.15684
4815	24.750132	42.145021
4816	24.637795	42.198712
4817	24.633597	42.197633
5576	24.767355	42.131558
2373	24.750067	42.143761
3035	24.753087	42.145356
3497	24.746874	42.155391
2311	24.7491	42.145054
3508	24.749434	42.1435
4797	24.764092	42.136012
5991	24.719028	42.141548
5996	24.763582	42.153371
4795	24.743907	42.151134
4735	24.744517	42.159842
5469	24.765088	42.14695
5989	24.741658	42.149769
3130	24.755012	42.148006
5892	24.749568	42.135488
5528	24.759763	42.140061
3499	24.728398	42.140376
3543	24.791544	42.139722
3500	24.759715	42.142455
3505	24.78577	42.144405
4736	24.754482	42.146439
5884	24.745113	42.151996
4796	24.750746	42.150806
3502	24.75437	42.150649
3037	24.749668	42.139841
4801	24.739407	42.141877
5893	24.740962	42.160036
2042	24.741614	42.149871
2043	24.753238	42.142871
2044	24.748484	42.157455
3065	24.748179	42.156926
4798	24.746679	42.150193
4799	24.740679	42.135182
2079	24.753445	42.148949
2081	24.751134	42.141322
1823	24.741292	42.150704
3103	24.748952	42.148229
3378	24.762162	42.162986
4639	24.794451	42.131645
3379	24.748384	42.147463
2322	24.74195	42.147959
4608	24.746255	42.152425
3066	24.749245	42.149661
2083	24.731585	42.122166
5880	24.701084	42.507524
2085	24.751878	42.125837
4739	24.754109	42.148387
2756	24.754429	42.156832
3510	24.749763	42.145691
3381	24.735075	42.157916
3978	24.737834	42.155456
2092	24.726636	42.145017
3382	24.752307	42.148814
2689	24.742216	42.163299
2093	24.71841	42.145992
5891	24.750419	42.148236
3104	24.748348	42.149002
2690	24.726545	42.129027
3105	24.759942	42.140162
4818	24.744067	42.14858
4819	24.730578	42.148798
3022	24.736869	42.12953
4807	24.744807	42.156496
4806	24.732113	42.123594
5066	24.756316	42.140339
5483	24.76538	42.136287
4804	24.747845	42.143687
4805	24.785538	42.131778
2691	24.747609	42.163439
3383	24.747811	42.136711
2091	24.761001	42.136288
4609	24.726856	42.146216
4611	24.74142	42.126958
2693	24.78107	42.128943
3520	24.743598	42.142274
3871	24.751919	42.142668
4619	24.738242	42.154679
5875	24.796861	42.134962
3387	24.751735	42.148119
3388	24.714956	42.146119
3389	24.752287	42.141988
2325	24.750504	42.144265
2695	24.736789	42.120623
3391	24.724168	42.132566
2696	24.74709	42.144114
4814	24.75199	42.143007
2759	24.694697	42.13694
2698	24.737853	42.162046
5985	24.788484	42.152711
3164	24.708834	42.130076
2699	24.714073	42.134936
2700	24.741124	42.16006
3394	24.742098	42.158494
3395	24.726249	42.150043
3396	24.755086	42.137353
3397	24.756867	42.162373
3398	24.764158	42.142348
2701	24.750197	42.145472
2702	24.738054	42.162064
2703	24.752187	42.149802
2746	24.765875	42.146701
4615	24.731845	42.141661
3126	24.750681	42.143954
4803	24.7544	42.13587
3712	24.742618	42.161751
2747	24.742787	42.161038
3512	24.741954	42.147294
2748	24.767936	42.144521
2750	24.725962	42.13215
2752	24.747419	42.147497
3525	24.753246	42.141864
2753	24.749186	42.147878
3526	24.754251	42.13668
2757	24.750481	42.140115
2326	24.748487	42.147402
4808	24.729109	42.148414
4809	24.755287	42.141748
3024	24.776892	42.149775
4616	24.750557	42.142594
4741	24.752932	42.147715
3513	24.75017	42.145537
2761	24.73954	42.137777
5858	24.747653	42.14741
2347	24.787589	42.142159
4617	24.751554	42.122167
3068	24.739106	42.137214
5614	24.753028	42.162082
2348	24.74141	42.139885
3404	24.747869	42.150912
3403	24.738445	42.1471
3409	24.739548	42.15677
3412	24.744649	42.130805
3110	24.739787	42.149532
3111	24.754159	42.135947
6091	24.740553	42.159736
2351	24.741241	42.146643
5876	24.745432	42.155892
3413	24.771133	42.147802
3025	24.75092	42.143622
3415	24.74569	42.15521
3416	24.75033	42.143985
2124	24.699462	42.140818
3530	24.786048	42.130072
3418	24.728948	42.146186
3419	24.747286	42.119932
2349	24.748505	42.128308
5510	24.656161	42.066194
3420	24.733754	42.158704
3521	24.749195	42.140222
3112	24.710272	42.113535
2352	24.741761	42.150379
3531	24.732134	42.127036
3423	24.747929	42.129035
5700	24.776614	42.126409
3422	24.756243	42.135951
2087	24.792663	42.130738
3424	24.754223	42.139176
3425	24.752625	42.148585
3532	24.742113	42.158263
3426	24.753052	42.141206
3517	24.752999	42.16324
2309	24.750165	42.148161
3713	24.724072	42.125973
3430	24.764462	42.142347
4811	24.733689	42.146187
3029	24.737881	42.130893
4800	24.772107	42.152902
3431	24.738758	42.134795
3432	24.739354	42.160487
4742	24.731635	42.127768
2760	24.763798	42.162763
3435	24.727805	42.144095
3872	24.752778	42.148009
3436	24.74195	42.147959
3106	24.731399	42.122496
3107	24.741448	42.151675
3440	24.745073	42.140069
3441	24.798645	42.132314
3442	24.796861	42.134962
3384	24.745219	42.148351
2308	24.745814	42.144578
3507	24.74939	42.145553
3113	24.749455	42.143147
3534	24.798645	42.132314
4820	24.747974	42.148836
3445	24.749759	42.164161
2365	24.75437	42.150649
3446	24.72056	42.139755
3447	24.745342	42.142564
3522	24.735939	42.141622
2367	24.789955	42.142342
4812	24.789167	42.130197
4813	24.78547	42.12854
5029	24.757198	42.160244
3535	24.745065	42.160773
3716	24.747389	42.13644
3451	24.74055	42.12443
4620	24.747539	42.150099
3030	24.740306	42.137668
3454	24.7509	42.144037
3456	24.758473	42.118058
5777	24.737024	42.157505
3484	24.743181	42.12969
3538	24.737113	42.148411
3458	24.766762	42.137565
3511	24.737296	42.124861
1901	24.751311	42.149628
4732	24.79476	42.140191
5896	24.719263	42.139532
3486	24.731385	42.159076
3519	24.753299	42.147619
3487	24.734301	42.148549
3174	24.692814	42.131283
3031	24.713423	42.145447
3488	24.747605	42.157157
2368	24.742255	42.139369
3392	24.745432	42.155892
3491	24.748836	42.14668
3492	24.739797	42.135285
3493	24.746265	42.126962
154	24.749425	42.143612
925	24.746118	42.148246
2826	24.750557	42.142594
5809	24.739898	42.150055
2113	24.744291	42.140073
2063	24.751068	42.138286
4127	23.298937	42.663603
4382	23.32835	42.700255
4937	23.322164	42.691143
5806	23.397472	42.646932
1953	23.318264	42.687633
4041	23.320652	42.678589
5645	23.324596	42.695701
4115	23.309234	42.698405
2423	23.323396	42.692961
5274	23.367006	42.687613
1860	23.332494	42.693238
5643	23.320957	42.693725
4073	23.367555	42.679771
5768	23.372636	42.655606
3967	23.321849	42.694345
5825	23.334113	42.707647
807	23.398496	42.646352
4085	23.323629	42.692655
4522	23.366588	42.631833
5475	23.378056	42.646508
3931	23.266128	42.644653
3690	23.335207	42.698554
2831	23.332142	42.694516
5845	23.327228	42.695607
3648	23.326294	42.672475
4856	23.334436	42.694459
510	23.329572	42.694556
642	23.327843	42.695606
2516	23.324705	42.694158
5536	23.327956	42.702328
1172	23.379589	42.64245
5696	23.324553	42.691429
3793	23.329824	42.696149
1138	23.326407	42.692576
5419	23.326645	42.697269
1176	23.347126	42.695021
4242	23.399873	42.663376
4170	23.343583	42.691446
4147	23.320614	42.672629
3044	23.322221	42.695278
637	23.302578	42.675043
686	23.355636	42.68135
688	23.365286	42.684535
534	23.339993	42.651464
1198	23.343026	42.644074
4955	23.328238	42.659218
4529	23.309638	42.699768
3180	23.395254	42.649121
1334	23.350906	42.670295
4581	23.319661	42.698799
4121	23.316332	42.68672
4354	23.326044	42.698279
3989	23.309234	42.698405
5579	23.319474	42.689126
5505	23.327843	42.695606
3283	23.318832	42.689297
2902	23.251077	42.718703
5902	23.337393	42.693789
4844	23.344366	42.687699
3828	23.354432	42.68056
5905	23.331626	42.693608
856	23.31332	42.698486
3247	23.334525	42.688169
3918	23.347081	42.694918
1292	23.338348	42.695411
4322	23.348693	42.616677
4756	23.25323	42.677549
1297	23.317415	42.712855
2515	23.24949	42.714866
3740	23.322145	42.701213
2686	23.324507	42.69465
3629	23.344819	42.68346
2539	23.319494	42.685567
3677	23.284095	42.661472
4850	23.324123	42.693887
4550	23.352001	42.681008
4539	23.305667	42.709555
1119	23.267615	42.656004
5473	23.340695	42.694992
3946	23.320925	42.69445
3671	23.162603	42.684563
4851	23.327671	42.693664
2866	23.334783	42.693465
617	23.343342	42.681156
947	23.368341	42.685565
2562	23.362177	42.705636
2600	23.315565	42.737374
4321	23.305144	42.677397
4179	23.331626	42.693608
5644	23.325082	42.687122
975	23.3258	42.694016
3950	23.320724	42.699345
5913	23.322095	42.671223
5646	23.324123	42.693887
1170	23.334309	42.69766
2526	23.334309	42.69766
5627	23.326437	42.692602
5987	23.280488	42.655276
4743	23.323766	42.69225
911	23.332494	42.693238
4887	23.358921	42.670969
5586	23.322799	42.695641
5587	23.322799	42.695641
740	23.322191	42.696975
4956	23.331235	42.696604
681	23.323649	42.699306
861	23.322077	42.699919
4084	23.309481	42.699825
3148	23.33702	42.693038
5138	23.240063	42.65854
5567	23.298532	42.710686
4057	23.346988	42.661059
5860	23.357671	42.675336
1035	23.282693	42.696276
4448	23.373979	42.680112
800	23.328567	42.693904
2284	23.298831	42.685935
4109	23.308345	42.70326
657	23.353459	42.693807
4891	23.320874	42.673388
2122	23.317044	42.694215
957	23.272948	42.67124
3921	23.322793	42.695987
653	23.320006	42.681381
2446	23.334287	42.641278
1180	23.341312	42.650041
2422	23.254783	42.714625
4098	23.367497	42.679832
5520	23.299333	42.67794
5894	23.343775	42.650617
6042	23.337219	42.689298
646	23.319673	42.677642
659	23.379333	42.672747
1685	23.328824	42.691293
5302	23.369324	42.69192
2447	23.313083	42.674906
2816	23.35943	42.663466
2938	23.307524	42.697263
2768	23.318806	42.689235
5946	23.311959	42.711347
5193	23.324433	42.672865
1020	23.343603	42.665018
4450	23.348096	42.658137
645	23.453447	42.657556
668	23.36046	42.653092
1150	23.352839	42.678004
662	23.289753	42.691488
1295	23.308883	42.687846
2716	23.276863	42.679155
4053	23.312882	42.685856
1342	23.384563	42.62675
2657	23.381829	42.676441
2538	23.381616	42.712639
663	23.276863	42.679155
669	23.312844	42.674848
707	23.343026	42.644074
1246	23.331358	42.690497
664	23.334783	42.693465
4758	23.320652	42.678589
2901	23.324604	42.699893
6090	23.333771	42.702547
5971	23.313844	42.689978
5379	23.328247	42.697383
5969	23.37127	42.662853
2982	23.317961	42.692536
5540	23.328247	42.697383
3472	23.320006	42.681381
5903	23.337393	42.693789
5863	23.341005	42.694659
5723	23.30618	42.702746
2137	23.334585	42.694742
5821	23.337666	42.697688
880	23.320088	42.693291
5846	23.324367	42.685822
2931	23.331879	42.697441
72	23.331831	42.69136
3061	23.339439	42.690232
1978	23.349938	42.695583
5564	23.321988	42.702293
1015	23.321872	42.69142
5276	23.319007	42.685268
5705	23.331936	42.691571
5899	23.326312	42.697414
5917	23.310173	42.693314
2469	23.350906	42.670295
876	23.30925	42.674844
685	23.323018	42.687089
1166	23.321719	42.698497
5864	23.33178	42.681682
65	23.324312	42.69616
74	23.31696	42.694022
2878	23.330978	42.700519
2643	23.332924	42.697551
5947	23.312817	42.700005
913	23.33783	42.695502
1605	23.336785	42.699058
806	23.331983	42.694338
423	23.332451	42.68468
4479	23.341776	42.69843
76	23.351077	42.681555
1184	23.3258	42.694016
77	23.322145	42.701213
5525	23.322637	42.693483
4957	23.315748	42.69025
1185	23.327355	42.693821
4105	23.320043	42.696834
6022	23.321494	42.693091
6033	23.350597	42.695042
3235	23.331459	42.691814
895	23.336574	42.692334
2099	23.332049	42.697469
1135	23.332663	42.69139
5674	23.327956	42.702328
655	23.327946	42.697459
2319	23.32854	42.687554
691	23.337666	42.697688
1318	23.313235	42.698224
25	23.320043	42.696834
108	23.3258	42.694016
3259	23.3258	42.694016
4157	23.341096	42.689928
6087	23.322806	42.700443
793	23.326444	42.691372
3942	23.313086	42.682617
5793	23.334211	42.707696
4015	23.324551	42.695721
5726	23.333771	42.702547
5761	23.343998	42.692817
87	23.331701	42.688446
4429	23.356476	42.695699
107	23.32743	42.695031
722	23.332719	42.695991
805	23.327755	42.698583
4291	23.294352	42.682748
2968	23.246781	42.71912
3254	23.328682	42.672149
2470	23.328248	42.681946
1340	23.311238	42.691026
3744	23.340247	42.690634
1276	23.316368	42.692931
3944	23.336171	42.695592
1205	23.319967	42.697945
2320	23.324702	42.694214
5787	23.357157	42.679501
1264	23.316603	42.693794
1220	23.340086	42.691857
3233	23.330445	42.687583
334	23.33567	42.694908
3305	23.325577	42.696965
709	23.3292	42.691099
4103	23.352001	42.681008
863	23.351434	42.688745
126	23.318992	42.685186
879	23.326407	42.692576
66	23.32687	42.696384
67	23.267615	42.656004
86	23.320475	42.679759
337	23.311466	42.704153
907	23.328366	42.695723
5616	23.32152	42.695916
68	23.334188	42.696323
2136	23.265506	42.644679
725	23.334585	42.694742
69	23.326808	42.696408
3374	23.328366	42.695723
1139	23.331419	42.697239
802	23.400236	42.665604
2543	23.321602	42.67045
901	23.331361	42.697989
3882	23.323933	42.690996
4853	23.327854	42.701455
19	23.325898	42.699081
4095	23.331542	42.687802
1346	23.323908	42.691222
723	23.331879	42.697441
5782	23.331516	42.682137
21	23.340147	42.693257
4840	23.337654	42.696366
5606	23.328689	42.6986
915	23.337083	42.696867
70	23.324281	42.694356
513	23.334783	42.693465
692	23.32442	42.691559
3278	23.240063	42.65854
91	23.336437	42.694001
92	23.328706	42.694005
94	23.320554	42.677475
95	23.331198	42.69277
804	23.344904	42.693806
96	23.329989	42.693707
855	23.331013	42.684703
5372	23.318271	42.691101
97	23.323921	42.687638
285	23.324213	42.693037
1943	23.318387	42.684943
3187	23.276836	42.670762
2501	23.334008	42.681046
2001	23.343464	42.693724
768	23.348906	42.674212
290	23.329243	42.688908
259	23.314732	42.688587
2965	23.358514	42.670187
1804	23.335439	42.681746
5418	23.3184	42.651209
3100	23.298551	42.68572
260	23.331179	42.697157
5444	23.340858	42.642642
717	23.31882	42.693001
241	23.359996	42.671623
1977	23.349277	42.686523
549	23.325305	42.693871
1827	23.342456	42.698422
2424	23.34007	42.690136
2283	23.316836	42.66939
3050	23.344749	42.652791
1321	23.334513	42.613283
838	23.265196	42.662087
2788	23.287262	42.661623
4417	23.306803	42.63046
2936	23.324604	42.699893
2937	23.330944	42.682853
2073	23.340858	42.642642
6083	23.319258	42.693416
706	23.335241	42.648632
5330	23.326619	42.69352
5421	23.345912	42.69803
1684	23.328567	42.693904
1210	23.332864	42.703329
2578	23.320614	42.672629
1258	23.332198	42.698151
2461	23.310546	42.692942
1148	23.351762	42.693889
2733	23.311447	42.707145
1293	23.355006	42.674087
4574	23.308999	42.675759
3798	23.321456	42.673348
3992	23.343074	42.692672
1301	23.331812	42.688358
297	23.320097	42.691788
298	23.324375	42.689678
299	23.323801	42.691392
4285	23.367457	42.679791
5746	23.377888	42.647017
431	23.299419	42.678053
4235	23.326753	42.67854
2678	23.307524	42.697263
4605	23.321162	42.692952
1331	23.322692	42.706524
262	23.324765	42.689641
2970	23.312177	42.688444
2155	23.320724	42.699345
5749	23.318762	42.685237
695	23.261707	42.649522
300	23.354589	42.684377
5320	23.333301	42.630897
3749	23.229793	42.691874
2407	23.337666	42.697688
4769	23.290749	42.684161
52	23.363392	42.679534
38	23.318992	42.685186
4074	23.324464	42.691512
2904	23.32602	42.667079
5856	23.331808	42.64405
1187	23.380228	42.701039
929	23.29426	42.682675
1849	23.33923	42.686208
41	23.347421	42.696329
5381	23.383692	42.649424
42	23.326838	42.697785
35	23.326202	42.694381
157	23.33043	42.697503
846	23.357618	42.675307
39	23.326352	42.691683
51	23.325998	42.69295
4832	23.343141	42.698388
335	23.345847	42.697992
44	23.328467	42.693273
5399	23.246724	42.719099
54	23.282663	42.695528
45	23.328926	42.694807
46	23.32449	42.691492
869	23.320927	42.694514
47	23.345363	42.697182
124	23.253253	42.677454
818	23.334783	42.693465
50	23.325401	42.692356
49	23.326143	42.692396
6010	25.630443	42.425047
5373	25.662506	42.427764
5738	25.63198	42.424867
2728	25.624518	42.422996
336	23.32979	42.695188
100	23.337238	42.693424
2455	23.331495	42.687517
5760	23.328689	42.6986
419	23.330648	42.6877
101	23.328798	42.694632
3664	23.309234	42.698405
3681	23.320652	42.678589
6088	23.320043	42.696834
3663	23.309234	42.698405
5981	23.381935	42.660775
877	23.290334	42.705008
2540	23.376416	42.624309
3	23.340499	42.69027
29	23.324097	42.700235
10	23.316865	42.683334
18	23.328285	42.687896
3800	23.371072	42.668286
5921	23.326201	42.699629
1960	23.326703	42.697521
5813	23.316578	42.698904
375	23.324312	42.69616
2993	23.343647	42.649783
1168	23.31406	42.695019
1137	23.329677	42.691365
1037	23.343299	42.651345
3829	23.3303	42.691629
5492	23.344658	42.689065
396	23.318638	42.694111
3750	23.333007	42.693386
6077	23.273001	42.671196
148	23.341434	42.643655
4534	23.317875	42.696413
163	23.32979	42.695188
122	23.331446	42.691575
4909	23.317415	42.712855
4020	23.320426	42.682817
3830	23.363145	42.674794
105	23.322611	42.68651
625	23.321297	42.69333
5673	23.316128	42.670406
4575	23.3246	42.689653
2790	23.325107	42.687266
4685	23.320221	42.696026
1099	23.323033	42.696351
1863	23.328885	42.691587
4110	23.320799	42.677311
4485	23.31824	42.675168
6046	23.327092	42.698095
1303	23.317324	42.684559
2811	23.266081	42.663611
3748	23.344564	42.651067
201	23.340458	42.648869
5432	23.366925	42.641214
3686	23.341237	42.651945
1926	23.343026	42.644074
2835	23.329949	42.685065
5956	23.319114	42.684905
5953	23.329254	42.696972
4573	23.332196	42.698538
5557	23.33616	42.686957
4284	23.329352	42.693639
1854	23.324596	42.69417
5930	23.341098	42.65256
4355	23.342655	42.683242
379	23.348571	42.659017
6079	23.330783	42.694477
1288	23.309482	42.694731
3115	23.263371	42.649274
169	23.322637	42.693483
5803	23.317838	42.696888
385	23.334476	42.700213
150	23.332293	42.693263
5831	23.280488	42.655276
4017	23.367555	42.679771
5861	23.311641	42.689146
710	23.321584	42.694316
5824	23.320513	42.685704
4831	23.326694	42.70015
2839	23.309804	42.677734
189	23.32815	42.697736
5966	23.323197	42.684659
4892	23.357963	42.670241
4565	23.291473	42.66988
5968	23.315959	42.69227
5680	23.320115	42.693424
4533	23.317215	42.688278
4189	23.32397	42.695871
153	23.319814	42.696549
4689	23.305474	42.676462
151	23.31849	42.693544
3185	23.299065	42.676066
175	23.343508	42.649545
5993	23.329722	42.69401
4216	23.320652	42.678589
2466	23.329352	42.693639
1228	23.339138	42.645025
172	23.32023	42.693795
2848	23.360939	42.671658
4072	23.321049	42.699354
5542	23.320043	42.696834
4779	23.328449	42.698244
5855	23.317289	42.687453
1161	23.338419	42.643599
5940	23.291216	42.668047
844	23.343508	42.649545
4459	23.330105	42.69805
2858	23.334287	42.641278
1831	23.326312	42.697414
2484	23.341312	42.650041
4516	23.317071	42.6905
4864	23.38306	42.656942
942	23.330163	42.693626
5136	23.285035	42.66405
104	23.327868	42.692852
3709	23.367555	42.679771
5955	23.326463	42.699774
5967	23.322386	42.694156
2449	23.252248	42.649181
1986	23.320186	42.670727
816	23.327428	42.688417
5568	23.299922	42.703431
6053	23.350878	42.671332
1723	23.330105	42.69805
1299	23.342517	42.648192
2777	23.329985	42.692649
5748	23.322221	42.695278
5657	23.339575	42.693376
4597	23.320519	42.670058
1979	23.334725	42.695725
4781	23.342517	42.648192
5199	23.328375	42.687927
6101	23.342797	42.6832
5897	23.351615	42.706049
5925	23.320051	42.683165
5979	23.311128	42.687213
1606	23.303039	42.725715
2994	23.353096	42.656872
1147	23.360866	42.676455
5431	23.313847	42.697192
5822	23.344033	42.649264
5885	23.31192	42.711419
1398	23.320497	42.691335
1316	23.36057	42.67652
1018	23.263851	42.71448
4160	23.324589	42.691397
5602	23.319252	42.68578
386	23.321145	42.695063
5970	23.309804	42.677734
3951	23.314396	42.670704
2789	23.262176	42.716338
3837	23.320652	42.678589
5428	23.333346	42.703884
5923	23.328793	42.695237
2156	23.319245	42.698587
5829	23.280488	42.655276
134	23.33359	42.683738
3982	23.328689	42.6986
5575	23.317283	42.697559
3058	23.315673	42.685254
4572	23.338635	42.648988
5789	23.343026	42.644074
152	23.321486	42.689031
5800	23.322544	42.694319
129	23.340313	42.693472
5871	23.305128	42.697053
2524	23.318199	42.694201
146	23.329023	42.696375
2575	23.342353	42.652985
3934	23.328806	42.679607
5339	23.31832	42.684494
1384	23.320088	42.693291
6017	23.326312	42.697414
2133	23.276707	42.667887
388	23.321636	42.693494
5058	23.314904	42.692294
3099	23.324309	42.695837
2317	23.32979	42.695188
5867	23.321473	42.70053
5513	23.345756	42.648929
4540	23.349774	42.660925
390	23.339138	42.645025
392	23.320525	42.690475
186	23.331175	42.697393
1927	23.321211	42.690566
5581	23.324375	42.689678
393	23.339439	42.690232
143	23.326281	42.692779
5698	23.38139	42.655554
395	23.343409	42.654887
2837	23.321917	42.694667
397	23.329677	42.691365
5595	23.332324	42.681225
1233	23.326312	42.697414
140	23.329643	42.698501
748	23.322786	42.698534
5816	23.338635	42.648988
5441	23.328789	42.694117
132	23.344411	42.647484
4108	23.32886	42.670693
2838	23.319128	42.69375
4310	23.328793	42.695237
5251	23.330567	42.689747
1199	23.314526	42.710495
4706	23.350236	42.670254
2440	23.343174	42.652516
3685	23.341434	42.643655
1053	23.314258	42.691564
106	23.330422	42.695
2857	23.333886	42.692913
4433	23.321994	42.691778
4434	23.358545	42.692927
2421	23.31943	42.6948
4600	23.315871	42.664347
4510	23.361515	42.692782
6148	23.322908	42.685447
2281	23.328793	42.695237
3249	23.345621	42.668649
6059	23.293676	42.681539
5244	23.320384	42.689972
5164	23.298714	42.664926
5796	23.244929	42.669549
6019	23.314196	42.699336
3461	23.322032	42.690368
4707	23.360692	42.671757
747	23.253291	42.677334
5844	23.322952	42.67408
3214	23.330857	42.687953
5256	23.369324	42.69192
5258	23.393195	42.672189
2037	23.32019	42.693654
4541	23.335559	42.697792
4009	23.363612	42.683789
5471	23.314298	42.696982
3939	23.309234	42.698405
3940	23.37019	42.66656
1987	23.306242	42.691044
3684	23.330167	42.700187
5046	23.325362	42.691881
796	23.321297	42.69333
3117	23.323082	42.687314
5898	23.321221	42.692296
6147	23.257234	42.647442
819	23.325401	42.692356
4071	23.322874	42.622503
4782	23.322679	42.69202
5986	23.322528	42.68888
5910	23.300465	42.68504
4069	23.337341	42.692376
1957	23.32311	42.689816
6018	23.33036	42.696804
3184	23.311625	42.706813
959	23.319043	42.668468
3993	23.253813	42.68765
1251	23.307943	42.688624
280	23.344416	42.669598
4422	23.275389	42.672698
5490	23.371425	42.699792
1234	23.327868	42.692852
4936	23.310363	42.679865
3215	23.324738	42.699135
4107	23.353784	42.685241
5714	23.325305	42.693871
5916	23.321098	42.69191
4699	23.324111	42.694992
4700	23.320652	42.678589
5906	23.319258	42.693416
5516	23.318403	42.690717
4711	23.337393	42.693789
4070	23.349136	42.673311
209	23.321994	42.691778
4720	23.323173	42.708941
5609	23.310969	42.673082
1231	23.381092	42.655253
1232	23.360407	42.684029
2709	23.28816	42.681019
3213	23.342835	42.689426
4022	23.317283	42.697559
4503	23.282504	42.693037
4899	23.315751	42.670228
3881	23.32477	42.686906
1201	23.321288	42.694791
4881	23.320652	42.678589
321	23.327767	42.688362
1530	23.354584	42.68358
5115	23.376403	42.624481
832	23.376437	42.625931
1796	23.330798	42.693123
4481	23.376629	42.649569
1944	23.310533	42.690979
5236	23.319349	42.689134
1718	23.340153	42.643708
3098	23.343921	42.650651
3584	23.320652	42.678589
4870	23.371829	42.636406
5544	23.34258	42.649881
4883	23.32043	42.696137
5583	23.272386	42.711292
5615	23.32135	42.673655
4013	23.320652	42.678589
1954	23.396606	42.647807
4445	23.289907	42.671443
5868	23.326352	42.691683
5778	23.322243	42.694283
5812	23.307187	42.676269
4712	23.327595	42.666255
4586	23.31427	42.696513
5815	23.315306	42.673193
5591	23.327994	42.683448
1253	23.326505	42.692201
1252	23.320594	42.696644
1254	23.377898	42.646312
3885	23.309234	42.698405
5950	23.315053	42.670133
5951	23.465441	42.63036
6050	23.329139	42.695089
3021	23.287325	42.68056
4746	23.291473	42.66988
4713	23.288444	42.667979
5321	23.294159	42.709375
5694	23.316802	42.695605
3052	23.28722	42.661454
5346	23.318851	42.672009
339	23.325372	42.689296
1087	23.290019	42.705028
5123	23.337908	42.69371
2590	23.376507	42.626094
326	23.322379	42.692034
5124	23.309234	42.698405
552	23.33315	42.690127
551	23.322073	42.699848
4482	23.352915	42.675141
4483	23.318851	42.672009
303	23.322381	42.693854
305	23.324106	42.704517
304	23.318053	42.697436
306	23.259923	42.714599
2603	23.325802	42.698038
3348	23.320652	42.678589
5116	23.376403	42.624481
5541	23.370666	42.654548
213	23.357311	42.675984
2672	23.317058	42.664691
5264	23.32477	42.701156
4455	23.322424	42.69671
6006	23.32378	42.69523
4873	23.330821	42.670646
5688	23.299298	42.686844
4715	23.328247	42.697383
4714	23.328247	42.697383
2947	23.332331	42.69904
687	23.320963	42.694581
3642	23.316963	42.6635
1955	23.32612	42.678299
350	23.339436	42.64353
6106	23.31697	42.686772
5770	23.320043	42.696834
268	23.327886	42.689557
266	23.300626	42.676144
5347	23.360014	42.690785
5504	23.368879	42.642659
4054	23.334287	42.641278
1255	23.333458	42.641063
307	23.324048	42.691928
308	23.375795	42.647287
309	23.278807	42.717026
312	23.38281	42.657812
4704	23.309234	42.698405
311	23.319747	42.682624
314	23.321028	42.694839
313	23.321835	42.699133
316	23.312363	42.699293
315	23.290461	42.650311
3941	23.309234	42.698405
4652	23.320652	42.678589
2059	23.33685	42.695479
4863	23.383019	42.657082
5935	23.28545	42.661248
1256	23.357237	42.673091
2025	23.319043	42.668468
4011	23.348235	42.696036
4855	23.351817	42.694655
5203	23.320652	42.678589
5443	23.374427	42.657199
3894	23.322983	42.693384
4598	23.331358	42.690497
4722	23.32863	42.695309
4724	23.309234	42.698405
4725	23.394056	42.64709
4726	23.326608	42.700634
4727	23.324792	42.666987
4728	23.336121	42.698636
4729	23.322379	42.692034
4731	23.318131	42.697116
5366	23.373689	42.628525
5367	23.376621	42.625978
4018	23.367555	42.679771
5886	23.330916	42.692538
4783	23.330105	42.69805
4755	23.320607	42.691157
5391	23.323538	42.703053
5392	23.315161	42.692863
5393	23.322205	42.705411
5395	23.325421	42.666256
6092	23.339252	42.656956
1189	23.316128	42.670406
4822	23.374002	42.660763
2582	23.349151	42.673067
5785	23.33041	42.693082
3834	23.320652	42.678589
4036	23.318957	42.693338
179	23.294352	42.682748
211	23.322117	42.696351
1752	23.374628	42.627779
5691	23.309234	42.698405
5692	23.290752	42.671005
5924	23.319626	42.691814
6129	23.354261	42.691606
270	23.329194	42.688593
5337	23.322203	42.697031
4207	23.321742	42.702419
1320	23.322177	42.677135
354	23.339138	42.645025
3053	23.318851	42.672009
5765	23.328406	42.687958
6004	23.322406	42.708356
4613	23.322335	42.676821
219	23.320006	42.681381
5430	23.319838	42.697462
6034	23.323632	42.690532
6035	23.309959	42.69837
3710	23.309234	42.698405
5820	23.321641	42.685289
6043	23.329084	42.677849
3152	23.323055	42.698298
6008	23.354261	42.691606
5047	23.379348	42.650962
5417	23.331392	42.689822
5500	23.321698	42.686188
5747	23.302134	42.679567
624	23.326737	42.688481
5636	23.31837	42.67527
6002	23.322075	42.692053
2058	23.334009	42.638418
2062	23.318806	42.694083
4744	23.374628	42.627779
4745	23.309234	42.698405
5832	23.364484	42.66898
1632	23.333219	42.676583
5301	23.280811	42.693127
1302	23.334478	42.681491
3937	23.317667	42.687376
222	23.325838	42.66614
5945	23.35433	42.69177
4059	23.292636	42.67199
343	23.330299	42.69691
344	23.327515	42.687598
2766	23.31608	42.664417
274	23.318965	42.638552
275	23.345592	42.688149
276	23.32979	42.695188
903	23.290019	42.705028
223	23.302892	42.685227
5098	23.328031	42.703651
5872	23.33567	42.694908
2730	23.36148	42.66331
265	23.323576	42.690139
4061	23.325924	42.693225
815	23.362362	42.676861
1959	23.317042	42.686113
5928	23.314905	42.662491
6104	23.334105	42.699992
5533	23.290257	42.677458
4645	23.330531	42.698573
3889	23.338635	42.648988
812	23.333868	42.69547
2378	23.334091	42.639824
2474	23.324354	42.679691
1709	23.276201	42.715922
1716	23.276315	42.715887
3154	23.328467	42.693273
4138	23.379561	42.649561
5070	23.30136	42.687213
3182	23.341891	42.652823
251	23.32378	42.686319
4490	23.270773	42.646623
4148	23.332337	42.698721
5404	23.366234	42.688665
2551	23.358006	42.67702
2454	23.336611	42.699037
867	23.317415	42.712855
227	23.327843	42.695606
353	23.327843	42.695606
3952	23.35472	42.67804
3883	23.318921	42.695377
3635	23.338635	42.648988
4338	23.337246	42.683569
2002	23.322019	42.680104
6020	23.317765	42.690478
4025	23.32054	42.693167
1012	23.303443	42.621464
3623	23.327346	42.684296
1218	23.320333	42.683347
1257	23.328905	42.698718
1722	23.322243	42.694283
3898	23.333249	42.678409
3237	23.338661	42.692614
948	23.413524	42.638524
4491	23.32168	42.690134
3114	23.336225	42.691983
5911	23.327843	42.66773
356	23.314046	42.690863
357	23.319481	42.693407
3838	23.331459	42.691814
1061	23.327402	42.69234
4353	23.251479	42.716724
1675	23.285622	42.703926
1676	23.360852	42.683556
6003	23.382167	42.652244
2734	23.337121	42.612217
231	23.325371	42.689202
119	23.322486	42.691232
3907	23.321199	42.693091
2377	23.341388	42.716393
4535	23.324142	42.68931
1279	23.34519	42.697211
2935	23.291604	42.674193
4120	23.328843	42.670581
3082	23.291453	42.678686
371	23.324538	42.691324
372	23.328801	42.693103
1681	23.325682	42.698909
4821	23.318348	42.691277
1310	23.327658	42.697846
3936	23.32646	42.701489
5908	23.320519	42.701541
2822	23.32196	42.694937
2006	23.325445	42.685301
4415	23.288917	42.682017
770	23.348906	42.674212
4067	23.334667	42.682206
4068	23.329737	42.69254
5356	23.322854	42.693928
5357	23.344876	42.689253
4447	23.329177	42.68502
278	23.311639	42.691565
4102	23.32798	42.702209
2809	23.320925	42.678099
2550	23.340153	42.643708
3041	23.362148	42.673914
282	23.298065	42.730383
281	23.318131	42.697116
338	23.314852	42.670198
4880	23.328798	42.694632
1275	23.321369	42.691894
889	23.319451	42.693535
6036	23.337238	42.693424
2353	23.352625	42.687355
4026	23.339316	42.651515
5135	23.314076	42.698494
235	23.316766	42.664886
284	23.335796	42.692845
283	23.328028	42.698351
3906	23.344009	42.654563
5198	23.319015	42.685799
232	23.317902	42.687563
550	23.328349	42.696852
286	23.31034	42.679068
1872	23.415659	42.595273
3116	23.307108	42.686162
4505	23.340059	42.662546
257	23.324337	42.692317
360	23.336225	42.691983
799	23.322655	42.698565
6076	23.310705	42.694786
2282	23.318156	42.69559
5837	23.287881	42.673347
5647	23.321626	42.694984
267	23.323829	42.681977
3607	23.347207	42.616028
1794	23.324378	42.689286
3144	23.335448	42.698929
3145	23.330602	42.701527
3146	23.367643	42.637546
3147	23.319325	42.694425
3864	23.344407	42.689318
5592	23.316836	42.66939
237	23.330065	42.685589
1259	23.326594	42.671544
960	23.354956	42.671679
4566	23.349817	42.710479
544	23.313448	42.674333
548	23.374139	42.651654
542	23.310776	42.698607
4007	23.344846	42.644473
1812	23.328706	42.694005
3349	23.316661	42.663497
5045	23.407562	42.642055
677	23.316057	42.702433
678	23.321651	42.670726
679	23.290525	42.678264
287	23.340313	42.693472
288	23.327642	42.699166
1212	23.338407	42.647408
2483	23.271609	42.712493
4525	25.62994	42.425581
2261	25.626244	42.423403
4794	25.628879	42.428275
5099	25.64217	42.428377
4343	25.626992	42.424072
2880	25.625773	42.432253
4520	25.632612	42.420243
2879	25.630443	42.425047
2574	25.621528	42.434409
2631	25.628879	42.428275
4125	25.629616	42.424519
2463	25.625812	42.424607
5117	25.62515	42.425319
4341	25.614201	42.433934
4519	25.619497	42.41998
4538	25.629317	42.426887
2506	25.655985	42.426092
2527	25.618942	42.422696
3705	25.612778	42.433402
2618	25.625065	42.424121
4342	25.425545	42.580701
3693	25.592879	42.413695
2619	25.629831	42.424142
3704	25.63258	42.439301
5689	25.624013	42.420876
5604	25.618942	42.422696
3695	25.502712	42.451889
3696	25.574403	42.397315
3697	25.495061	42.452394
3698	25.500192	42.453444
3699	25.52104	42.416443
3702	25.544839	42.396616
3701	25.577206	42.537677
5349	25.624603	42.429722
4058	25.625773	42.429972
2333	25.624834	42.426971
2906	25.627655	42.428446
2299	25.624334	42.426269
2300	25.628156	42.424094
5818	25.628217	42.421721
2286	25.623676	42.427398
2290	25.633627	42.423674
6069	25.617413	42.423635
2339	25.640528	42.429146
2291	25.623512	42.428056
2294	25.627197	42.426247
2335	25.629976	42.426211
2336	25.626178	42.427048
2306	25.63416	42.423374
2338	25.628683	42.426085
2301	25.632332	42.433711
2331	25.610187	42.424221
4753	25.62515	42.425319
2285	25.632693	42.427064
2292	25.631774	42.424395
3849	25.632527	42.425379
2340	25.627405	42.426346
3850	25.625065	42.424121
2450	25.629616	42.424519
2337	25.629204	42.430685
2293	25.627405	42.426346
2298	25.624263	42.421619
2297	25.625568	42.425056
2296	25.638327	42.425934
2428	25.624637	42.42271
2334	25.6279	42.426005
6039	25.62994	42.425581
5344	25.631951	42.419684
2266	25.629831	42.424142
4852	25.627405	42.426346
4607	25.625065	42.424121
2268	25.626244	42.423403
3102	25.625812	42.424607
2272	25.626244	42.423403
2271	25.628767	42.424724
2275	25.629831	42.424142
2787	25.629616	42.424519
5427	25.627988	42.422719
5486	25.633819	42.426764
4090	25.630905	42.426116
5426	25.625065	42.424121
4664	25.633819	42.426764
3924	25.627042	42.423046
6145	25.625517	42.42427
2279	25.635119	42.42477
4024	25.425545	42.580701
5461	25.662506	42.427764
2262	25.628548	42.420512
4528	25.630443	42.425047
6095	25.628395	42.425629
2729	25.623078	42.427713
2265	25.626244	42.423403
4623	25.621845	42.421881
3901	25.640157	42.424667
5423	25.612778	42.433402
5870	25.617912	42.429255
5112	25.638307	42.413865
5538	25.56641	42.402434
5830	25.620112	42.425099
4628	25.620536	42.423687
5100	25.625327	42.423124
4624	25.636673	42.424908
3999	25.623925	42.427496
5539	25.62867	42.428797
6144	25.628587	42.426398
3985	25.62062	42.423561
5992	25.662506	42.427764
5527	25.629689	42.420193
5462	25.662506	42.427764
3902	25.630102	42.422279
2226	25.624518	42.422996
2159	25.62643	42.430678
2254	25.634863	42.425913
5780	25.624334	42.426269
2228	25.631814	42.432181
2845	25.627406	42.431097
2229	25.623078	42.427713
2164	25.620053	42.42157
2163	25.605649	42.420837
5248	25.626237	42.430298
4627	25.628856	42.421663
2165	25.62438	42.420589
2166	25.630117	42.42418
2247	25.633382	42.424407
2330	25.626244	42.423403
2329	25.63191	42.428306
2230	25.638294	42.42591
2169	25.61058	42.415995
2170	25.63905	42.426169
2172	25.631766	42.425806
2846	25.636673	42.424908
2508	25.639795	42.430347
4621	25.631389	42.429071
2179	25.632612	42.420243
2244	25.626244	42.423403
2181	25.614505	42.430694
2182	25.638625	42.422641
2234	25.627961	42.433012
5422	25.626074	42.430823
2183	25.621407	42.431642
2184	25.630011	42.435435
2509	25.574403	42.397315
3984	25.619536	42.419923
4622	25.632414	42.422203
2723	25.52104	42.416443
2724	25.544839	42.396616
4002	25.577206	42.537677
5537	25.532289	42.446298
6109	25.59279	42.411781
2188	25.628589	42.4238
2189	25.631446	42.434407
2190	25.62032	42.428597
2191	25.632675	42.450425
2253	25.630054	42.424453
2248	25.645213	42.425343
2192	25.64602	42.430311
2193	25.618942	42.422696
2194	25.61265	42.426108
2195	25.622255	42.426587
2196	25.624413	42.420503
4000	25.608861	42.422225
5322	25.638957	42.426527
2198	25.592407	42.414163
2200	25.630988	42.436354
2240	25.631651	42.424816
4773	25.624637	42.42271
4774	25.633025	42.422837
4775	25.633819	42.426764
4776	25.616372	42.422628
2205	25.636633	42.425706
2204	25.632287	42.431911
2207	25.628017	42.430041
2208	25.635683	42.425565
2209	25.625773	42.429972
4001	25.622438	42.4242
2227	25.632542	42.43938
2210	25.62515	42.425319
2211	25.637647	42.427247
2213	25.626727	42.431459
2199	25.610552	42.420196
2214	25.61058	42.415995
2215	25.593912	42.411849
2256	25.618675	42.422625
2197	25.626014	42.430961
2242	25.620402	42.422882
4777	25.627864	42.424203
4778	25.635095	42.425944
2217	25.617378	42.434473
5450	25.617413	42.423635
2236	25.621392	42.426688
2844	25.628539	42.420526
2237	25.618675	42.422625
2219	25.625117	42.425439
2069	25.626108	42.426068
5290	25.624333	42.422363
2068	25.629616	42.424519
3070	27.922317	43.210803
6093	27.896875	43.217169
5015	27.889725	43.220111
4843	27.887606	43.226229
2472	28.015022	43.277932
3945	27.921147	43.211047
4596	27.922171	43.204412
2525	27.905213	43.203924
2405	27.910939	43.205402
5731	27.995497	43.218497
3782	28.009789	43.227521
5732	27.928847	43.209679
1111	28.009789	43.227521
5724	27.889467	43.219811
3929	27.90945	43.201481
2978	27.918479	43.203995
2624	27.918845	43.207116
4347	27.918845	43.207116
3212	27.895535	43.223649
2732	27.93265	43.214459
2988	27.915199	43.200291
4841	27.913395	43.204849
6157	27.889674	43.220309
5641	27.913995	43.205816
6005	27.913562	43.204227
6118	27.91824	43.200406
5914	27.91801	43.207078
2742	27.92088	43.209426
3045	27.914913	43.202965
3209	27.936284	43.164977
2980	27.887364	43.224219
3211	27.919602	43.217627
2987	27.846409	43.24728
3210	27.979537	43.246506
2979	27.896744	43.180548
3626	27.923074	43.206229
1920	27.917229	43.207808
3958	27.846928	43.247267
3094	27.931635	43.210668
5695	27.913342	43.197851
3765	27.923205	43.204461
3020	27.916738	43.207864
4395	27.897283	43.227868
1082	27.94306	43.221179
5146	27.895151	43.221304
1077	27.925664	43.204688
2444	27.934105	43.223238
5407	27.913215	43.20303
3650	27.874176	43.18954
5034	28.039291	43.281351
2110	27.9179	43.20447
4381	27.894318	43.222433
2721	27.91995	43.204947
4945	27.924448	43.20646
4551	27.919602	43.217627
4898	27.846409	43.24728
4747	27.896692	43.180518
5051	27.889467	43.219811
4647	27.887606	43.226229
1601	27.922318	43.201274
5294	27.883536	43.23079
5690	27.921221	43.192318
5295	27.883519	43.231077
5293	27.883258	43.231531
1602	27.943446	43.212573
1603	27.936501	43.210744
5518	27.9106	43.211931
1919	27.965674	43.233949
1600	27.907134	43.206943
5289	27.94282	43.215619
2404	27.93265	43.214459
5122	27.878106	43.232913
5048	27.889577	43.220161
5291	27.882544	43.230617
2897	27.922762	43.202557
1616	27.932929	43.211859
5400	27.921239	43.198732
4369	27.920707	43.209356
5721	27.912317	43.218654
5292	27.884563	43.230586
5454	27.892282	43.227677
4123	27.927916	43.205452
5296	27.88403	43.230771
4091	27.918902	43.203053
3706	27.914119	43.202209
2154	27.914966	43.204951
4218	27.920389	43.210298
3774	27.936888	43.218453
3159	27.911203	43.20034
4763	27.931635	43.210668
973	27.921268	43.20567
5401	27.924353	43.209461
4659	27.913797	43.204156
4660	27.91371	43.203675
6075	27.915037	43.199892
5420	27.91501	43.207397
3300	27.91501	43.207397
6130	27.922204	43.207784
5901	27.896744	43.180548
5817	27.92936	43.2127
556	27.915056	43.205605
1014	27.921511	43.200266
5607	27.917157	43.211887
569	27.913483	43.206759
950	27.919419	43.212392
4200	27.920107	43.210493
440	27.931635	43.210668
2963	27.914773	43.202571
4045	27.912533	43.205649
1013	27.913421	43.20107
1679	27.90687	43.181606
573	27.921356	43.205022
4567	27.920707	43.209356
5079	27.954888	43.215338
2341	27.917727	43.200808
439	27.918027	43.198638
3118	27.912421	43.20092
1870	27.914569	43.203586
5297	27.920669	43.199825
6047	27.911781	43.20539
4653	27.915468	43.205309
4668	27.868359	43.231075
1678	27.918254	43.200213
6142	27.917781	43.203511
579	27.915468	43.205309
3198	27.921778	43.208025
433	27.922171	43.204412
567	27.910995	43.207573
971	27.919355	43.20692
5632	27.914151	43.199533
6048	27.896875	43.217169
4968	27.889467	43.219811
1397	27.911071	43.205128
2975	27.919576	43.216081
4439	27.93043	43.216956
4672	27.900001	43.215443
3372	27.931635	43.210668
5927	27.916111	43.205736
5570	27.89835	43.183523
1508	27.925452	43.211962
4401	27.922317	43.210803
6089	27.914269	43.200284
3265	27.918818	43.205208
2130	27.916856	43.2016
5186	27.934449	43.212999
2981	27.921045	43.200472
5834	27.879617	43.233714
4049	27.916454	43.217467
2945	27.942705	43.219213
2923	27.924082	43.226011
5491	27.91995	43.204947
5220	27.887606	43.226229
5221	27.889467	43.219811
3178	27.920412	43.198845
1060	27.907837	43.205799
1622	27.910329	43.214473
4035	27.913634	43.201575
5222	27.91438	43.205651
5223	27.92713	43.218938
2859	27.915861	43.208164
1624	27.907843	43.210617
5449	27.91995	43.204947
4383	27.917591	43.209773
4768	27.911501	43.207886
5900	27.91995	43.204947
3330	27.916697	43.204888
3163	27.919949	43.204875
5515	27.91411	43.224094
5183	27.934449	43.212999
3169	27.910788	43.206322
5369	27.927104	43.210965
5118	27.917642	43.212193
1850	27.920401	43.206032
5200	27.954896	43.215341
2841	27.934105	43.223238
4096	27.94277	43.215074
5313	27.9208	43.210679
5308	27.889642	43.22012
4885	27.926283	43.211046
2458	27.910154	43.207678
5224	27.928347	43.222486
5964	27.91525	43.219834
5965	27.917741	43.207242
5119	27.922565	43.213407
5771	27.909814	43.217249
3251	27.914242	43.205593
3678	27.914913	43.202965
2411	27.91995	43.204947
5962	27.91995	43.204947
6038	27.915584	43.201822
2005	27.911614	43.208085
1027	27.912812	43.201057
4316	27.919305	43.221551
6007	27.889808	43.220219
6021	27.892005	43.228059
5184	27.940756	43.210117
3754	27.918456	43.211133
4403	27.912866	43.175305
2973	27.915211	43.205165
1609	27.9106	43.211931
4849	27.91023	43.208268
2983	27.916526	43.218582
1003	27.917359	43.205173
3072	27.916197	43.200841
5952	27.917369	43.203497
5370	27.889467	43.219811
3960	27.925219	43.222895
5415	27.908086	43.203108
5941	27.918323	43.207511
2380	27.913125	43.204651
4588	27.913342	43.197851
5310	27.91995	43.204947
5926	27.923296	43.211566
3773	27.936888	43.218453
5368	27.911485	43.202185
2103	27.918178	43.206942
3932	27.933993	43.221923
5260	27.918203	43.199535
5514	27.913962	43.203619
5854	27.928847	43.209679
4866	27.916273	43.212
4696	27.894093	43.22538
1610	27.913689	43.204535
5519	27.919659	43.199158
5703	27.921589	43.203957
3835	27.934105	43.223238
3291	27.905977	43.211802
4646	27.911581	43.203241
4076	27.938037	43.210091
2557	27.938037	43.210091
6141	27.907752	43.205523
3672	27.944896	43.214824
5569	27.89835	43.183523
3343	27.912729	43.198976
3344	27.872772	43.22352
3342	27.918395	43.20435
6099	27.92114	43.20435
4326	27.921243	43.21853
2459	27.910154	43.207678
1666	27.92346	43.207535
5016	27.921256	43.192265
5273	27.909017	43.2177
1564	27.905213	43.203924
1090	27.921102	43.204292
5111	27.889467	43.219811
5286	27.889467	43.219811
2735	27.920491	43.207044
1626	27.90774	43.210775
5889	27.984801	43.248763
1733	27.914267	43.206296
1039	27.921005	43.20649
3160	27.903953	43.209999
3167	27.916907	43.212012
3925	27.920676	43.20254
987	27.921237	43.204703
985	27.915379	43.199641
984	27.913832	43.203219
986	27.921149	43.209243
5865	27.92027	43.211823
5307	27.889467	43.219811
3000	27.916075	43.216351
2460	27.912311	43.206882
3043	27.954896	43.215341
3909	27.9256	43.218023
5849	27.912585	43.21524
5772	27.920492	43.21022
3371	27.940902	43.210978
5309	27.889467	43.219811
495	27.904137	43.213145
497	27.919324	43.205505
4579	27.921192	43.202967
6057	27.919927	43.211049
4204	27.911979	43.203628
2794	27.92059	43.196825
3675	27.914913	43.202965
4370	27.913984	43.206794
3470	27.913319	43.200067
5942	27.918144	43.207545
5195	27.889467	43.219811
2925	27.915831	43.200401
5352	27.94122	43.217222
1414	27.922985	43.213135
5185	27.94083	43.210153
3927	27.912866	43.175305
4318	27.910398	43.204346
3752	27.916311	43.20876
4536	27.910788	43.206322
3046	27.920401	43.206032
4695	27.916527	43.218674
4584	27.921488	43.213369
2915	27.907749	43.209023
2952	27.919545	43.201275
1499	27.913713	43.204401
1545	27.918705	43.222337
2914	27.915775	43.206483
4514	27.915631	43.202634
1419	27.912918	43.206099
1660	27.913082	43.208774
1661	27.919673	43.21334
3809	27.921147	43.211047
5351	27.925836	43.219806
2928	27.942258	43.212938
1423	27.920353	43.197499
5805	27.915775	43.208716
5766	27.911979	43.203628
5625	27.92114	43.20435
5851	27.91936	43.20849
3926	27.963042	43.217102
1699	27.885186	43.231988
5626	27.914773	43.202571
1492	27.921589	43.203957
1434	27.923448	43.210061
3851	27.949347	43.212181
4144	27.941101	43.211069
1400	27.91995	43.204947
1781	27.908374	43.20538
5312	27.91525	43.219834
5311	27.896068	43.225883
2998	27.912385	43.206782
4517	27.912058	43.216527
1466	27.918042	43.21078
3679	27.908432	43.216824
1847	27.911476	43.203172
5049	27.981539	43.243972
4666	28.030058	43.260042
1541	28.010686	43.234129
5852	27.913829	43.20542
1447	27.905385	43.206274
2921	27.922055	43.212
2111	27.922171	43.204412
4092	27.899381	43.206848
1448	27.918094	43.198937
3302	27.904541	43.217996
1450	27.920533	43.208938
3480	28.011374	43.234005
4760	27.847	43.24603
1432	27.915598	43.203498
2127	27.914599	43.202258
2126	27.913233	43.199896
5477	27.920369	43.199829
2004	27.920199	43.201515
1569	27.912603	43.203234
1570	27.913102	43.200998
5670	27.91147	43.205933
4324	27.929859	43.21602
1777	27.92187	43.204784
2489	27.920386	43.199748
3366	27.912637	43.207667
1506	27.914173	43.21146
4721	27.903618	43.219286
1488	27.910378	43.201656
5499	27.906344	43.231722
3260	27.910939	43.205402
1578	27.920753	43.206284
5487	27.916173	43.219672
3047	27.917509	43.205914
4323	27.988055	43.246561
3539	27.946656	43.214276
1520	27.923508	43.212186
4698	27.911012	43.205762
1562	27.912242	43.214736
5376	27.921788	43.212156
3329	27.912539	43.206332
2916	27.914821	43.208886
5788	27.920846	43.204977
2173	27.892282	43.227677
4247	27.855008	43.246214
1950	27.918974	43.204886
5842	27.918787	43.200997
4135	27.914342	43.222625
2560	27.938037	43.210091
3176	27.91995	43.204947
3168	27.913621	43.200884
4030	27.918081	43.199119
4496	27.921147	43.211047
2554	27.911979	43.203628
1853	27.913962	43.203619
511	27.926911	43.206862
436	27.911979	43.203628
5279	27.911044	43.205566
1076	27.915634	43.20317
1260	23.318715	42.689196
138	23.322369	42.69419
1427	27.483994	42.50713
1430	27.483209	42.495921
1442	27.94303	43.224763
1474	27.469716	42.493108
1491	27.970179	43.218851
1493	27.930589	43.219789
1521	27.918515	43.224031
1546	27.904039	43.216456
1552	27.462415	42.496194
1568	27.918878	43.208699
1640	27.922684	43.200567
1682	27.909584	43.208956
1697	27.920622	43.207506
1702	27.937578	43.212014
1734	27.91251	43.203482
1846	27.913233	43.199896
1941	27.924867	43.22088
1996	23.322987	42.686092
2051	27.459923	42.5174
2094	24.769167	42.127297
2273	25.626244	42.423403
2277	25.629595	42.425783
2327	24.774135	42.189113
2342	27.912058	43.216527
236	23.330203	42.692558
2451	27.92395	43.210044
2495	28.032015	43.263281
250	23.335161	42.692983
2561	27.938258	43.20918
2607	24.74477	42.156107
2645	24.749126	42.149435
2646	24.792327	42.134273
2651	24.693217	42.152599
2659	27.981415	43.222935
2736	27.922925	43.213764
2754	24.795211	42.135055
289	23.319626	42.691814
2929	28.029196	43.252691
2949	23.250858	42.67294
3019	27.911429	43.204394
3027	24.771942	42.127261
3049	23.257292	42.709346
3067	24.754001	42.149106
3074	23.276836	42.670762
3086	24.748192	42.150599
3177	27.450325	42.520997
3220	27.472171	42.505636
3227	27.409646	42.532365
3240	23.332048	42.700579
3333	27.922873	43.204121
3356	27.944422	43.214688
3401	24.77198	42.135791
3405	24.752858	42.125957
3448	24.738784	42.164396
3462	27.96478	43.227419
3471	28.010306	43.272248
3479	28.001031	43.22834
3578	24.747727	42.145907
359	23.321594	42.693369
3601	24.796427	42.128758
3617	27.924296	43.20255
3647	27.68415	42.656652
3660	27.530905	42.563091
3726	27.484142	42.509174
3727	27.483835	42.50635
3768	28.015692	43.238011
381	23.314298	42.696982
3846	24.786621	42.138101
3853	27.471571	42.497851
3854	27.467907	42.504507
3859	27.421259	42.473361
3877	23.326483	42.697483
3908	23.458779	42.651935
3919	27.919844	43.199395
3923	27.46553	42.504595
3930	27.480485	42.49882
3933	27.977921	43.222658
3962	27.943112	43.212437
3965	27.483751	42.505492
3979	24.772871	42.04775
3980	24.699976	42.004069
3981	24.728397	42.229397
4003	27.903498	43.216444
4077	27.922768	43.225634
4082	27.938824	43.21031
4205	27.481303	42.49151
4209	27.960844	43.21615
4224	27.676924	42.642652
4238	27.473427	42.495971
4240	27.484053	42.507968
4244	27.851544	43.243007
4270	27.922842	43.204201
4289	23.253253	42.677454
4294	27.836543	42.190761
43	23.32853	42.693927
4313	27.924819	43.20345
4314	27.958915	43.212985
4332	27.934916	43.212367
4349	27.940485	43.209503
4351	27.458705	42.512956
4406	27.474207	42.495962
4441	23.267798	42.648548
4443	27.911284	43.17806
4488	27.909584	43.208956
4524	27.480226	42.492542
4532	23.322708	42.686347
4568	27.948618	43.223211
4593	27.913925	43.213974
4610	24.80052	42.145714
4612	24.792327	42.134273
4614	27.557466	42.448081
4637	27.931635	43.210668
4655	27.570239	42.696477
4657	27.417649	42.463821
4661	24.846863	42.585074
4686	27.952951	43.21416
4692	27.828413	43.110211
4693	27.722371	43.277609
4697	27.600523	43.290675
4740	24.742397	42.160732
4754	28.007967	43.32342
4761	27.467907	42.504451
4767	27.872113	43.235064
4810	24.726957	42.137297
4858	27.679354	42.644477
4896	27.458643	42.521515
4901	27.878974	43.222035
4970	27.454135	42.528837
4985	27.678061	42.64387
5000	27.484	42.507705
5023	27.955383	43.215597
5027	27.483504	42.505476
5044	27.680783	42.645399
5077	27.998488	43.231164
5107	24.774102	42.189121
5173	27.943453	43.212764
5201	27.876693	43.236335
5270	27.939634	43.22074
5285	24.752903	42.150126
5288	27.934105	43.223238
5345	27.96368	43.226896
5348	27.944356	43.213147
5375	27.461376	42.524801
5377	27.459648	42.524665
5380	23.06148	42.981264
5394	23.358795	42.656651
5396	27.961862	43.216241
5409	27.459782	42.51755
5410	27.459721	42.51748
5413	27.962919	43.274776
5424	25.880969	42.143964
5458	27.772532	43.344363
5503	27.872414	43.2342
5521	27.522893	42.560937
5522	27.521995	42.560188
553	23.309785	42.665306
5531	24.594203	42.078408
5571	23.194953	42.634688
5584	23.321886	42.691857
5635	24.756418	42.143199
5653	27.928426	43.170346
5671	25.692367	42.43401
5699	27.9602	43.229232
5728	27.932412	43.208368
5767	27.920713	43.209522
5775	24.746437	42.151235
578	27.926921	43.210933
5783	24.78649	42.138158
5836	27.91319	43.198548
5869	24.789615	42.13132
5881	24.57012	42.485677
5882	24.809569	42.138286
589	23.488628	41.838023
5907	27.816816	43.259998
5912	27.906582	43.21342
5936	24.753312	42.12175
5937	27.914378	43.214061
5943	27.919382	43.204742
5954	27.483348	42.497532
5973	24.750836	42.148572
5980	23.331198	42.69277
6012	23.329233	42.697203
6056	27.914848	43.202382
6105	27.911219	43.177251
6114	27.672479	42.408678
6119	27.882056	43.22365
6125	27.672479	42.408678
6149	23.326627	42.693031
6150	23.319772	42.692298
6151	23.337339	42.691086
6152	23.321673	42.685295
6155	23.325413	42.692636
6156	23.31982	42.692524
6158	23.3113	42.672752
6161	23.323984	42.704465
6170	23.330648	42.6877
6174	24.750559	42.144907
6175	24.745342	42.142564
6176	23.302211	42.677224
6177	23.321507	42.689339
6178	23.319023	42.694646
6179	23.325288	42.698821
6181	24.749277	42.145381
6182	24.745203	42.137766
6183	23.339572	42.653849
6185	23.334006	42.64214
6188	23.319217	42.685567
6190	23.325275	42.702343
6191	24.750165	42.148161
6192	23.352802	42.696735
6193	23.28162	42.666905
6194	27.912132	43.22777
6196	23.32987	42.696199
6198	27.921861	43.209367
6201	25.627405	42.426346
6202	24.733018	42.125932
6203	27.921861	43.209367
6204	23.327921	42.682285
6205	23.359627	42.711994
6206	23.327143	42.701891
6207	23.294412	42.693413
6208	23.319409	42.693823
6209	23.345447	42.694411
6210	23.343388	42.656134
6211	23.326474	42.697462
6213	23.372668	42.654101
6214	23.324823	42.687171
6215	23.337238	42.693424
6217	23.308177	42.629247
6218	23.310243	42.678869
6220	23.339572	42.653849
6222	23.355026	42.682032
6225	23.350878	42.671332
6226	23.302032	42.701603
6227	23.335262	42.697538
6228	23.31592	42.691389
6229	24.719315	42.141576
6230	24.753886	42.147552
6232	24.749568	42.135488
6233	23.302038	42.701622
6234	24.754968	42.144562
6235	23.322246	42.697178
6236	27.924086	43.20978
6237	23.312881	42.705317
63	23.335989	42.697574
666	23.64552	42.635
900	23.304683	42.623353
6273	23.37892	42.67934
4924	23.33835	42.71907
5841	23.28736	42.65982
6265	23.28358	42.65578
6270	23.32169	42.7023
6240	23.31362	42.67313
5961	23.3323256740426	42.6957382997403
6267	23.37586	42.64462
6267	23.37586	42.64462
6267	23.37586	42.64462
6238	23.3417705656383	42.6447019192208
6241	23.35208	42.67233
6266	23.32979	42.69519
4889	23.29869	42.70783
5983	23.3348055321277	42.6935686914935
6271	23.32149	42.69397
6219	23.3167	42.69612
6246	23.32022	42.69603
6243	23.31899	42.68519
6269	23.31812	42.69379
6212	23.33092	42.69254
6223	23.32529	42.69882
6274	23.36982	42.6524
6268	23.32129	42.69479
6244	23.32488	42.69836
4890	23.29869	42.70783
6245	23.34409	42.69484
6272	23.36425	42.68233
6284	23.34183	42.65078
6284	23.3424900306383	42.6504912883766
6280	23.34252	42.64819
6278	23.33692	42.69251
6277	23.32066	42.69368
6279	23.36077	42.6762
6061	23.34725	42.69421
6061	23.36077	42.6762
6285	23.31854	42.70783
1267	23.3190844564894	42.6720861974026
4822	23.37397	42.66071
6247	23.35912	42.69107
6248	23.26179	42.71962
6239	23.32916	42.69093
6154	23.32918	42.68502
6286	23.30295	42.68758
6287	23.3258	42.69402
6288	23.33354	42.69215
6289	23.3184	42.69072
6290	24.70895	42.13482
5599	24.749561	42.143841
5482	24.749229	42.148165
1881	24.749229	42.148165
6293	23.24567	42.68685
6294	23.30144	42.64645
6295	23.32052	42.67006
6298	24.7561284755556	42.1419133125